image_name,width,height,labels
img_1.png,1024,644,"[169,148,503,502,1]"
img_10.png,1024,644,"[943,192,480,454,1]"
img_101.png,1024,644,"[728,565,832,129,-1]"
img_102.png,1024,644,"[877,221,314,249,0]"
img_103.png,1024,644,"[142,118,265,415,1]"
img_105.png,1024,644,"[131,523,545,582,0]"
img_107.png,1024,644,"[15,432,495,284,1]"
img_109.png,1024,644,"[891,132,447,400,1]"
img_110.png,1024,644,"[853,222,427,590,1]"
img_111.png,1024,644,"[233,146,423,91,0]"
img_112.png,1024,644,"[785,201,230,348,0]"
img_114.png,1024,644,"[215,365,694,482,1]"
img_116.png,1024,644,"[891,250,826,54,0]"
img_117.png,1024,644,"[332,249,875,347,0]"
img_12.png,1024,644,"[454,506,75,316,-1]"
img_120.png,1024,644,"[17,358,974,317,0]"
img_121.png,1024,644,"[899,92,535,56,0]"
img_122.png,1024,644,"[760,78,493,268,0]"
img_125.png,1024,644,"[945,497,920,429,0]"
img_126.png,1024,644,"[952,602,414,358,-1]"
img_127.png,1024,644,"[332,299,62,346,0]"
img_128.png,1024,644,"[639,118,139,82,0]"
img_129.png,1024,644,"[447,605,472,193,-1]"
img_13.png,1024,644,"[848,90,756,311,1]"
img_130.png,1024,644,"[594,340,827,24,-1]"
img_131.png,1024,644,"[405,621,987,642,0]"
img_132.png,1024,644,"[117,616,316,167,-1]"
img_133.png,1024,644,"[375,370,458,620,1]"
img_134.png,1024,644,"[529,476,894,23,-1]"
img_135.png,1024,644,"[684,130,125,490,1]"
img_137.png,1024,644,"[677,378,45,477,0]"
img_138.png,1024,644,"[818,616,51,245,-1]"
img_14.png,1024,644,"[588,407,478,638,0]"
img_141.png,1024,644,"[846,37,422,612,1]"
img_142.png,1024,644,"[797,29,1019,169,0]"
img_144.png,1024,644,"[299,462,1011,508,-1]"
img_146.png,1024,644,"[212,444,633,382,-1]"
img_147.png,1024,644,"[853,140,7,21,0]"
img_148.png,1024,644,"[938,319,861,226,0]"
img_149.png,1024,644,"[901,392,601,597,1]"
img_150.png,1024,644,"[67,621,345,64,-1]"
img_151.png,1024,644,"[297,413,330,594,1]"
img_152.png,1024,644,"[180,374,389,163,-1]"
img_154.png,1024,644,"[575,79,610,578,1]"
img_155.png,1024,644,"[922,460,252,513,0]"
img_157.png,1024,644,"[123,25,109,290,1]"
img_158.png,1024,644,"[921,507,379,171,-1]"
img_16.png,1024,644,"[805,262,195,220,0]"
img_160.png,1024,644,"[601,418,948,536,0]"
img_161.png,1024,644,"[695,431,1009,421,0]"
img_162.png,1024,644,"[969,386,586,557,1]"
img_164.png,1024,644,"[11,250,650,267,0]"
img_165.png,1024,644,"[993,331,64,481,0]"
img_166.png,1024,644,"[779,497,238,508,0]"
img_167.png,1024,644,"[968,544,36,236,0]"
img_168.png,1024,644,"[574,98,769,502,1]"
img_169.png,1024,644,"[190,333,855,502,0]"
img_17.png,1024,644,"[174,25,671,423,1]"
img_170.png,1024,644,"[607,130,708,145,0]"
img_171.png,1024,644,"[588,54,698,470,1]"
img_172.png,1024,644,"[390,150,499,612,1]"
img_174.png,1024,644,"[117,446,958,98,-1]"
img_175.png,1024,644,"[837,172,808,290,0]"
img_176.png,1024,644,"[755,263,528,124,0]"
img_177.png,1024,644,"[912,641,248,378,-1]"
img_178.png,1024,644,"[714,94,769,475,1]"
img_179.png,1024,644,"[1013,105,950,470,1]"
img_18.png,1024,644,"[520,135,541,429,1]"
img_180.png,1024,644,"[758,298,531,190,0]"
img_181.png,1024,644,"[993,539,478,356,-1]"
img_185.png,1024,644,"[461,622,395,598,0]"
img_186.png,1024,644,"[516,384,811,448,1]"
img_187.png,1024,644,"[276,459,699,94,-1]"
img_188.png,1024,644,"[365,475,218,114,-1]"
img_189.png,1024,644,"[617,331,474,38,-1]"
img_19.png,1024,644,"[687,565,807,409,-1]"
img_190.png,1024,644,"[817,479,65,641,0]"
img_191.png,1024,644,"[173,101,211,128,0]"
img_193.png,1024,644,"[412,227,79,148,0]"
img_195.png,1024,644,"[401,6,170,198,1]"
img_197.png,1024,644,"[610,411,978,543,1]"
img_198.png,1024,644,"[135,222,153,152,0]"
img_2.png,1024,644,"[578,223,454,157,0]"
img_20.png,1024,644,"[932,37,109,373,1]"
img_201.png,960,604,"[769,247,927,436,0]"
img_203.png,960,604,"[730,584,579,307,-1]"
img_204.png,960,604,"[313,150,627,334,1]"
img_206.png,960,604,"[62,275,313,120,-1]"
img_207.png,960,604,"[538,479,866,326,-1]"
img_208.png,960,604,"[797,280,203,402,1]"
img_209.png,960,604,"[675,77,309,257,0]"
img_21.png,1024,644,"[130,150,112,357,1]"
img_210.png,960,604,"[215,202,467,298,0]"
img_213.png,960,604,"[283,455,233,435,0]"
img_214.png,960,604,"[287,425,528,287,-1]"
img_216.png,960,604,"[92,353,251,156,-1]"
img_217.png,960,604,"[871,556,570,559,1]"
img_218.png,960,604,"[174,559,133,233,-1]"
img_219.png,960,604,"[112,279,603,55,-1]"
img_22.png,1024,644,"[752,18,966,121,0]"
img_220.png,960,604,"[375,472,917,368,-1]"
img_221.png,960,604,"[358,82,317,375,1]"
img_224.png,960,604,"[682,496,261,550,-1]"
img_225.png,960,604,"[435,349,43,448,-1]"
img_227.png,960,604,"[862,508,432,99,-1]"
img_228.png,960,604,"[654,66,496,389,1]"
img_229.png,960,604,"[893,557,170,124,-1]"
img_23.png,1024,644,"[662,555,666,64,-1]"
img_230.png,960,604,"[429,145,555,380,1]"
img_231.png,960,604,"[407,306,955,456,0]"
img_232.png,960,604,"[901,468,902,407,0]"
img_233.png,960,604,"[368,334,934,309,0]"
img_235.png,960,604,"[352,245,169,381,0]"
img_237.png,960,604,"[902,26,929,201,0]"
img_238.png,960,604,"[486,567,386,224,-1]"
img_239.png,960,604,"[239,540,410,271,-1]"
img_242.png,960,604,"[115,407,527,487,1]"
img_244.png,960,604,"[770,103,712,540,1]"
img_245.png,960,604,"[696,521,415,501,1]"
img_246.png,960,604,"[522,234,25,145,0]"
img_247.png,960,604,"[690,453,643,25,-1]"
img_248.png,960,604,"[451,593,524,355,-1]"
img_249.png,960,604,"[873,425,614,258,0]"
img_250.png,960,604,"[280,305,825,469,0]"
img_254.png,960,604,"[809,383,350,149,0]"
img_257.png,960,604,"[851,335,199,272,0]"
img_258.png,960,604,"[280,411,707,558,0]"
img_26.png,1024,644,"[48,81,398,90,0]"
img_260.png,960,604,"[788,117,273,366,1]"
img_262.png,960,604,"[470,458,98,522,-1]"
img_264.png,960,604,"[802,325,927,81,0]"
img_265.png,960,604,"[372,413,604,587,1]"
img_267.png,960,604,"[641,347,512,169,0]"
img_268.png,960,604,"[170,23,59,601,1]"
img_269.png,960,604,"[922,243,286,108,0]"
img_270.png,960,604,"[865,466,586,562,-1]"
img_271.png,960,604,"[99,473,721,156,-1]"
img_272.png,960,604,"[794,365,666,437,0]"
img_273.png,960,604,"[631,543,721,527,0]"
img_274.png,960,604,"[513,341,208,291,0]"
img_276.png,960,604,"[852,384,499,418,0]"
img_277.png,960,604,"[416,576,866,424,1]"
img_279.png,960,604,"[753,458,456,556,1]"
img_28.png,1024,644,"[968,239,244,502,1]"
img_280.png,960,604,"[148,54,895,240,0]"
img_281.png,960,604,"[578,447,204,150,-1]"
img_283.png,960,604,"[276,235,164,271,0]"
img_284.png,960,604,"[841,219,625,441,1]"
img_285.png,960,604,"[959,182,110,474,1]"
img_288.png,960,604,"[503,367,76,20,-1]"
img_289.png,960,604,"[501,291,932,527,1]"
img_29.png,1024,644,"[724,165,882,603,1]"
img_290.png,960,604,"[846,438,259,345,0]"
img_292.png,960,604,"[729,38,316,78,0]"
img_293.png,960,604,"[799,187,665,53,0]"
img_295.png,960,604,"[66,146,532,571,1]"
img_297.png,960,604,"[550,132,506,105,0]"
img_298.png,960,604,"[609,73,655,577,1]"
img_3.png,1024,644,"[465,594,651,601,0]"
img_301.png,960,604,"[95,51,654,277,1]"
img_302.png,960,604,"[96,568,523,456,-1]"
img_303.png,960,604,"[864,580,493,503,1]"
img_305.png,960,604,"[850,457,529,433,1]"
img_307.png,960,604,"[829,239,181,393,0]"
img_308.png,960,604,"[757,577,196,2,-1]"
img_310.png,960,604,"[393,252,906,457,1]"
img_311.png,960,604,"[526,83,300,217,1]"
img_312.png,960,604,"[78,537,415,290,0]"
img_315.png,960,604,"[848,541,369,231,-1]"
img_316.png,960,604,"[222,210,338,31,0]"
img_317.png,960,604,"[797,584,198,194,-1]"
img_318.png,960,604,"[774,114,462,602,1]"
img_319.png,960,604,"[298,262,192,150,0]"
img_32.png,1024,644,"[553,139,622,260,0]"
img_320.png,960,604,"[102,597,707,530,0]"
img_321.png,960,604,"[616,127,599,583,1]"
img_322.png,960,604,"[951,464,167,15,-1]"
img_323.png,960,604,"[636,160,532,438,1]"
img_325.png,960,604,"[518,205,698,481,1]"
img_326.png,960,604,"[527,85,216,480,1]"
img_327.png,960,604,"[671,489,509,94,-1]"
img_328.png,960,604,"[489,54,133,270,1]"
img_329.png,960,604,"[583,208,56,487,1]"
img_33.png,1024,644,"[716,586,732,525,0]"
img_330.png,960,604,"[37,227,349,523,1]"
img_331.png,960,604,"[802,546,263,516,0]"
img_332.png,960,604,"[821,312,386,96,0]"
img_338.png,960,604,"[270,29,67,69,0]"
img_34.png,1024,644,"[475,602,926,331,-1]"
img_340.png,960,604,"[560,221,298,393,0]"
img_341.png,960,604,"[703,48,455,202,0]"
img_344.png,960,604,"[218,595,389,352,0]"
img_347.png,960,604,"[252,513,654,148,-1]"
img_348.png,960,604,"[758,144,497,598,1]"
img_349.png,960,604,"[864,17,20,498,1]"
img_350.png,960,604,"[652,201,734,111,0]"
img_351.png,960,604,"[704,349,437,350,0]"
img_352.png,960,604,"[526,129,597,430,1]"
img_353.png,960,604,"[513,453,698,209,-1]"
img_354.png,960,604,"[308,473,703,285,-1]"
img_357.png,960,604,"[21,302,116,332,0]"
img_358.png,960,604,"[120,400,940,189,-1]"
img_359.png,960,604,"[487,350,350,167,-1]"
img_360.png,960,604,"[411,240,237,212,0]"
img_361.png,960,604,"[230,155,87,247,0]"
img_362.png,960,604,"[606,180,450,410,1]"
img_363.png,960,604,"[619,91,137,392,1]"
img_364.png,960,604,"[604,446,676,176,-1]"
img_365.png,960,604,"[856,406,620,530,1]"
img_366.png,960,604,"[926,229,354,490,1]"
img_367.png,960,604,"[385,486,810,394,-1]"
img_37.png,1024,644,"[884,639,670,602,1]"
img_371.png,960,604,"[528,528,899,16,-1]"
img_373.png,960,604,"[336,1,435,10,0]"
img_374.png,960,604,"[560,120,492,591,1]"
img_375.png,960,604,"[653,230,642,506,1]"
img_376.png,960,604,"[670,450,219,410,0]"
img_378.png,960,604,"[373,585,946,469,-1]"
img_379.png,960,604,"[107,336,275,243,0]"
img_38.png,1024,644,"[949,537,17,356,-1]"
img_380.png,960,604,"[837,11,281,85,0]"
img_381.png,960,604,"[677,506,412,446,1]"
img_382.png,960,604,"[570,264,645,463,1]"
img_384.png,960,604,"[924,503,673,271,0]"
img_386.png,960,604,"[281,141,540,400,1]"
img_387.png,960,604,"[686,82,712,139,0]"
img_388.png,960,604,"[840,488,939,277,-1]"
img_389.png,960,604,"[504,213,247,281,0]"
img_390.png,960,604,"[422,74,211,594,1]"
img_391.png,1920,1208,"[1164,12,1181,406,0]"
img_392.png,1920,1208,"[1433,831,1457,1110,1]"
img_395.png,1920,1208,"[354,103,1373,950,1]"
img_40.png,1024,644,"[312,373,283,27,-1]"
img_400.png,1920,1208,"[359,96,315,281,0]"
img_402.png,1920,1208,"[646,13,48,834,1]"
img_403.png,1920,1208,"[1287,1,1275,831,1]"
img_406.png,1920,1208,"[533,999,813,22,-1]"
img_407.png,1920,1208,"[1791,1009,522,479,-1]"
img_412.png,1920,1208,"[1306,366,1585,525,0]"
img_413.png,1920,1208,"[1397,673,58,230,-1]"
img_414.png,1920,1208,"[1666,161,855,309,0]"
img_415.png,1920,1208,"[751,262,1098,843,1]"
img_416.png,1920,1208,"[1353,847,775,764,1]"
img_417.png,1920,1208,"[1387,630,1752,1103,1]"
img_418.png,1920,1208,"[1354,285,629,364,0]"
img_419.png,1920,1208,"[738,564,1121,45,0]"
img_42.png,1024,644,"[566,578,362,529,0]"
img_420.png,1920,1208,"[1603,574,1495,1068,1]"
img_421.png,1920,1208,"[1254,1143,1482,665,-1]"
img_424.png,1920,1208,"[366,610,1535,1,0]"
img_426.png,1920,1208,"[1631,944,35,552,-1]"
img_427.png,1920,1208,"[1483,60,1489,712,1]"
img_428.png,1920,1208,"[84,714,910,370,-1]"
img_429.png,1920,1208,"[1479,226,808,823,1]"
img_430.png,1920,1208,"[1158,613,1616,40,-1]"
img_431.png,1920,1208,"[350,712,7,335,-1]"
img_432.png,1920,1208,"[209,620,674,399,0]"
img_433.png,1920,1208,"[369,659,847,459,0]"
img_434.png,1920,1208,"[612,383,274,578,1]"
img_437.png,1920,1208,"[1916,137,1863,799,1]"
img_438.png,1920,1208,"[1170,336,1389,301,0]"
img_439.png,1920,1208,"[1274,77,1808,766,1]"
img_44.png,1024,644,"[20,284,389,540,1]"
img_441.png,1920,1208,"[425,880,455,463,-1]"
img_442.png,1920,1208,"[1326,713,1367,34,-1]"
img_443.png,1920,1208,"[1326,1066,1000,864,-1]"
img_444.png,1920,1208,"[1254,693,213,1096,1]"
img_445.png,1920,1208,"[1394,921,1299,642,-1]"
img_446.png,1920,1208,"[1342,749,1518,44,-1]"
img_447.png,1920,1208,"[1060,1133,1115,98,-1]"
img_45.png,1024,644,"[431,236,181,36,0]"
img_450.png,1920,1208,"[702,1049,1276,514,-1]"
img_451.png,1920,1208,"[1850,25,862,300,0]"
img_452.png,1920,1208,"[1366,724,699,219,-1]"
img_455.png,1920,1208,"[1029,378,1796,603,0]"
img_456.png,1920,1208,"[1756,160,693,223,0]"
img_457.png,1920,1208,"[1905,212,934,812,0]"
img_458.png,1920,1208,"[1103,269,1068,808,0]"
img_460.png,1920,1208,"[728,782,1792,667,0]"
img_461.png,1920,1208,"[62,157,831,548,0]"
img_462.png,1920,1208,"[506,424,701,605,0]"
img_463.png,1920,1208,"[1506,408,1331,1136,1]"
img_465.png,1920,1208,"[1477,24,725,327,0]"
img_466.png,1920,1208,"[1130,1052,1486,40,-1]"
img_467.png,1920,1208,"[886,552,211,800,0]"
img_468.png,1920,1208,"[1314,1022,1284,17,-1]"
img_47.png,1024,644,"[756,60,376,293,0]"
img_470.png,1920,1208,"[1246,627,1257,778,1]"
img_472.png,1920,1208,"[445,823,578,633,-1]"
img_473.png,1920,1208,"[896,800,928,448,-1]"
img_474.png,1920,1208,"[1401,928,612,1194,0]"
img_475.png,1920,1208,"[80,754,616,690,0]"
img_476.png,1920,1208,"[675,337,736,823,1]"
img_478.png,1920,1208,"[1083,107,1287,249,0]"
img_479.png,1920,1208,"[502,860,1378,437,-1]"
img_48.png,1024,644,"[250,144,484,436,1]"
img_480.png,1920,1208,"[433,220,1423,671,1]"
img_481.png,1920,1208,"[692,563,1751,462,0]"
img_482.png,1920,1208,"[1005,1116,1652,432,-1]"
img_483.png,1920,1208,"[153,632,329,1050,1]"
img_486.png,1920,1208,"[960,93,487,691,1]"
img_487.png,1920,1208,"[671,867,742,599,1]"
img_488.png,1920,1208,"[754,164,1181,557,1]"
img_489.png,1920,1208,"[364,364,948,408,0]"
img_490.png,1920,1208,"[95,962,1392,242,-1]"
img_50.png,1024,644,"[605,380,690,263,-1]"
img_51.png,1024,644,"[661,641,465,385,-1]"
img_53.png,1024,644,"[296,417,638,474,1]"
img_54.png,1024,644,"[761,190,167,473,1]"
img_55.png,1024,644,"[199,236,647,605,1]"
img_56.png,1024,644,"[564,133,473,474,1]"
img_58.png,1024,644,"[753,347,493,317,0]"
img_6.png,1024,644,"[201,337,617,507,0]"
img_60.png,1024,644,"[126,59,352,587,1]"
img_61.png,1024,644,"[593,239,77,471,0]"
img_62.png,1024,644,"[29,369,207,379,0]"
img_66.png,1024,644,"[14,641,215,265,0]"
img_67.png,1024,644,"[996,495,959,415,0]"
img_68.png,1024,644,"[94,603,795,266,-1]"
img_69.png,1024,644,"[697,356,905,71,-1]"
img_71.png,1024,644,"[910,165,419,608,1]"
img_72.png,1024,644,"[8,238,33,203,0]"
img_73.png,1024,644,"[670,110,110,638,1]"
img_74.png,1024,644,"[936,534,865,21,-1]"
img_76.png,1024,644,"[597,500,727,555,0]"
img_77.png,1024,644,"[837,506,291,434,-1]"
img_79.png,1024,644,"[747,535,627,302,-1]"
img_8.png,1024,644,"[262,98,729,508,1]"
img_80.png,1024,644,"[769,339,150,358,0]"
img_81.png,1024,644,"[57,111,267,226,0]"
img_82.png,1024,644,"[647,580,458,243,-1]"
img_83.png,1024,644,"[169,387,747,161,0]"
img_84.png,1024,644,"[363,599,123,458,-1]"
img_85.png,1024,644,"[637,433,820,221,0]"
img_86.png,1024,644,"[270,587,694,149,-1]"
img_87.png,1024,644,"[720,33,582,540,1]"
img_9.png,1024,644,"[33,117,36,398,1]"
img_91.png,1024,644,"[232,293,357,405,0]"
img_92.png,1024,644,"[683,432,713,269,0]"
img_93.png,1024,644,"[240,261,286,642,0]"
img_96.png,1024,644,"[833,254,813,536,0]"
img_97.png,1024,644,"[745,58,295,385,0]"
img_98.png,1024,644,"[902,371,710,303,0]"
img_pln_1.png,720,452,"[105,203,628,136,0]"
img_pln_1000.png,720,452,"[691,421,458,183,0]"
img_pln_1001.png,720,452,"[72,299,65,396,0]"
img_pln_1002.png,720,452,"[319,345,183,50,-1]"
img_pln_1004.png,720,452,"[693,37,691,366,1]"
img_pln_1005.png,720,452,"[25,1,406,268,1]"
img_pln_1006.png,720,452,"[396,300,442,348,0]"
img_pln_1007.png,720,452,"[39,183,11,269,0]"
img_pln_1008.png,720,452,"[137,306,301,23,-1]"
img_pln_101.png,720,452,"[667,180,170,20,0]"
img_pln_1010.png,720,452,"[362,192,76,294,-1]"
img_pln_1011.png,720,452,"[436,292,13,341,-1]"
img_pln_1013.png,720,452,"[697,356,71,341,-1]"
img_pln_1016.png,720,452,"[64,41,378,305,1]"
img_pln_1017.png,720,452,"[65,382,623,81,0]"
img_pln_1018.png,720,452,"[297,72,239,214,0]"
img_pln_1019.png,720,452,"[660,296,94,64,-1]"
img_pln_102.png,720,452,"[495,412,534,211,0]"
img_pln_1020.png,720,452,"[230,135,517,311,1]"
img_pln_1022.png,720,452,"[489,345,580,385,0]"
img_pln_1023.png,720,452,"[393,42,292,119,0]"
img_pln_1024.png,720,452,"[87,419,439,261,0]"
img_pln_1026.png,720,452,"[86,356,152,231,0]"
img_pln_1029.png,720,452,"[342,6,27,226,0]"
img_pln_103.png,720,452,"[375,68,297,140,0]"
img_pln_1032.png,720,452,"[363,418,328,107,0]"
img_pln_1034.png,720,452,"[238,186,436,16,0]"
img_pln_1035.png,720,452,"[624,338,695,193,-1]"
img_pln_1036.png,720,452,"[616,78,95,377,1]"
img_pln_1037.png,720,452,"[14,244,515,70,1]"
img_pln_1038.png,720,452,"[578,451,250,60,-1]"
img_pln_1039.png,720,452,"[58,306,232,315,1]"
img_pln_104.png,720,452,"[86,339,434,174,0]"
img_pln_1041.png,720,452,"[96,25,261,333,1]"
img_pln_1042.png,720,452,"[175,415,338,301,0]"
img_pln_1043.png,720,452,"[663,437,291,270,0]"
img_pln_1044.png,720,452,"[695,261,118,352,0]"
img_pln_1045.png,720,452,"[490,347,123,285,-1]"
img_pln_1047.png,720,452,"[703,387,131,291,-1]"
img_pln_1048.png,720,452,"[224,209,590,165,0]"
img_pln_1049.png,720,452,"[460,418,300,38,-1]"
img_pln_105.png,720,452,"[233,377,650,320,-1]"
img_pln_1050.png,720,452,"[535,9,324,80,0]"
img_pln_1052.png,720,452,"[109,44,712,104,0]"
img_pln_1053.png,720,452,"[232,91,144,437,1]"
img_pln_1054.png,720,452,"[710,388,121,90,-1]"
img_pln_1055.png,720,452,"[342,132,592,59,-1]"
img_pln_1056.png,720,452,"[397,222,624,382,0]"
img_pln_1057.png,720,452,"[174,278,552,389,1]"
img_pln_1058.png,720,452,"[394,279,512,41,0]"
img_pln_1059.png,720,452,"[288,417,209,418,0]"
img_pln_106.png,720,452,"[346,159,116,95,-1]"
img_pln_1060.png,720,452,"[57,307,338,401,1]"
img_pln_1061.png,720,452,"[573,161,38,208,-1]"
img_pln_1062.png,720,452,"[189,175,215,278,1]"
img_pln_1063.png,720,452,"[656,26,16,320,0]"
img_pln_1064.png,720,452,"[556,14,654,418,1]"
img_pln_1065.png,720,452,"[214,136,659,86,0]"
img_pln_1066.png,720,452,"[688,354,285,442,0]"
img_pln_107.png,720,452,"[472,126,370,150,0]"
img_pln_1070.png,720,452,"[689,361,31,186,-1]"
img_pln_1072.png,720,452,"[466,249,710,394,0]"
img_pln_1073.png,720,452,"[706,357,674,407,0]"
img_pln_1075.png,720,452,"[363,367,585,291,0]"
img_pln_1076.png,720,452,"[496,128,134,424,0]"
img_pln_1077.png,720,452,"[451,301,196,407,0]"
img_pln_1078.png,720,452,"[439,378,659,66,-1]"
img_pln_1079.png,720,452,"[169,79,542,55,0]"
img_pln_108.png,720,452,"[305,95,666,277,-1]"
img_pln_1081.png,720,452,"[450,192,28,420,-1]"
img_pln_1082.png,720,452,"[266,65,493,84,1]"
img_pln_1084.png,720,452,"[449,180,263,187,0]"
img_pln_1085.png,720,452,"[45,312,647,159,0]"
img_pln_1087.png,720,452,"[392,245,210,234,0]"
img_pln_1090.png,720,452,"[552,136,347,359,1]"
img_pln_1092.png,720,452,"[393,366,330,134,0]"
img_pln_1093.png,720,452,"[344,66,399,19,-1]"
img_pln_1095.png,720,452,"[106,311,419,58,0]"
img_pln_1096.png,720,452,"[203,238,127,218,0]"
img_pln_1097.png,720,452,"[269,74,212,432,1]"
img_pln_1098.png,720,452,"[590,157,285,205,1]"
img_pln_1099.png,720,452,"[103,352,665,251,0]"
img_pln_11.png,720,452,"[709,18,268,50,0]"
img_pln_110.png,720,452,"[587,150,362,49,1]"
img_pln_1100.png,720,452,"[108,384,488,93,0]"
img_pln_1101.png,720,452,"[715,366,168,208,0]"
img_pln_1103.png,720,452,"[397,53,327,212,0]"
img_pln_1104.png,720,452,"[9,0,184,430,1]"
img_pln_1106.png,720,452,"[718,278,145,63,-1]"
img_pln_1107.png,720,452,"[64,215,620,318,1]"
img_pln_1108.png,720,452,"[487,137,347,353,0]"
img_pln_1110.png,720,452,"[286,403,583,212,0]"
img_pln_1112.png,720,452,"[344,218,92,49,-1]"
img_pln_1113.png,720,452,"[24,129,41,450,1]"
img_pln_1114.png,720,452,"[371,385,18,447,0]"
img_pln_1116.png,720,452,"[281,112,518,437,0]"
img_pln_1117.png,720,452,"[656,219,533,425,0]"
img_pln_1118.png,720,452,"[397,123,195,222,0]"
img_pln_112.png,720,452,"[430,14,153,342,1]"
img_pln_1120.png,720,452,"[13,417,538,90,-1]"
img_pln_1125.png,720,452,"[415,409,123,327,0]"
img_pln_1127.png,720,452,"[301,128,643,381,0]"
img_pln_1128.png,720,452,"[422,200,109,83,-1]"
img_pln_1129.png,720,452,"[464,375,110,271,-1]"
img_pln_113.png,720,452,"[456,288,502,39,-1]"
img_pln_1130.png,720,452,"[403,358,230,451,0]"
img_pln_1131.png,720,452,"[69,108,402,146,1]"
img_pln_1133.png,720,452,"[361,248,122,229,-1]"
img_pln_1134.png,720,452,"[134,258,106,72,-1]"
img_pln_1135.png,720,452,"[22,173,547,170,1]"
img_pln_1136.png,720,452,"[140,302,61,400,0]"
img_pln_1137.png,720,452,"[282,426,638,341,0]"
img_pln_1139.png,720,452,"[644,405,622,437,0]"
img_pln_114.png,720,452,"[20,169,548,315,1]"
img_pln_1140.png,720,452,"[606,421,637,419,0]"
img_pln_1142.png,720,452,"[242,195,375,136,0]"
img_pln_1143.png,720,452,"[490,221,544,326,0]"
img_pln_1148.png,720,452,"[109,262,306,325,0]"
img_pln_1149.png,720,452,"[422,225,54,408,0]"
img_pln_1150.png,720,452,"[247,424,699,356,0]"
img_pln_1151.png,720,452,"[707,390,531,126,-1]"
img_pln_1152.png,720,452,"[351,77,611,309,0]"
img_pln_1153.png,720,452,"[695,173,115,179,1]"
img_pln_1154.png,720,452,"[341,28,11,159,1]"
img_pln_1155.png,720,452,"[526,79,33,402,1]"
img_pln_1156.png,720,452,"[191,193,437,220,0]"
img_pln_1157.png,720,452,"[155,231,385,34,-1]"
img_pln_1158.png,720,452,"[24,219,232,67,-1]"
img_pln_1159.png,720,452,"[495,214,584,341,0]"
img_pln_116.png,720,452,"[208,275,27,117,-1]"
img_pln_1160.png,720,452,"[286,267,223,143,0]"
img_pln_1161.png,720,452,"[636,254,551,35,-1]"
img_pln_1162.png,720,452,"[76,374,64,404,0]"
img_pln_1163.png,720,452,"[243,408,498,432,0]"
img_pln_1167.png,720,452,"[143,54,715,85,0]"
img_pln_1168.png,720,452,"[149,12,173,416,1]"
img_pln_1169.png,720,452,"[420,66,109,441,1]"
img_pln_1170.png,720,452,"[105,422,339,328,0]"
img_pln_1171.png,720,452,"[661,63,197,371,1]"
img_pln_1172.png,720,452,"[37,370,136,295,0]"
img_pln_1173.png,720,452,"[705,328,530,37,-1]"
img_pln_1175.png,720,452,"[284,62,12,345,1]"
img_pln_1176.png,720,452,"[467,181,453,423,0]"
img_pln_1177.png,720,452,"[668,81,293,436,1]"
img_pln_1178.png,720,452,"[221,326,79,130,-1]"
img_pln_1179.png,720,452,"[163,99,283,242,1]"
img_pln_1180.png,720,452,"[263,394,419,156,0]"
img_pln_1181.png,720,452,"[608,365,162,213,0]"
img_pln_1182.png,720,452,"[718,142,236,349,1]"
img_pln_1183.png,720,452,"[655,202,185,64,-1]"
img_pln_1184.png,720,452,"[3,46,471,203,1]"
img_pln_1185.png,720,452,"[708,244,364,278,0]"
img_pln_1186.png,720,452,"[577,315,188,43,-1]"
img_pln_1187.png,720,452,"[354,57,144,182,1]"
img_pln_1189.png,720,452,"[246,44,474,36,0]"
img_pln_1191.png,720,452,"[606,404,325,313,0]"
img_pln_1193.png,720,452,"[152,29,101,307,1]"
img_pln_1197.png,720,452,"[333,439,348,378,0]"
img_pln_12.png,720,452,"[134,137,233,191,1]"
img_pln_1200.png,720,452,"[363,255,48,199,-1]"
img_pln_1201.png,720,452,"[577,145,80,363,1]"
img_pln_1202.png,720,452,"[115,239,581,24,-1]"
img_pln_1204.png,720,452,"[634,75,495,109,0]"
img_pln_1205.png,720,452,"[326,205,290,183,0]"
img_pln_1206.png,720,452,"[700,390,396,202,1]"
img_pln_1207.png,720,452,"[508,295,68,324,-1]"
img_pln_121.png,720,452,"[352,290,591,144,-1]"
img_pln_1211.png,720,452,"[717,25,291,258,1]"
img_pln_1212.png,720,452,"[100,283,323,101,-1]"
img_pln_1213.png,720,452,"[433,264,513,162,-1]"
img_pln_1215.png,720,452,"[363,383,74,448,0]"
img_pln_1217.png,720,452,"[151,284,499,46,0]"
img_pln_1218.png,720,452,"[412,175,181,98,-1]"
img_pln_1219.png,720,452,"[446,168,403,7,-1]"
img_pln_1220.png,720,452,"[693,404,260,145,-1]"
img_pln_1221.png,720,452,"[201,246,400,75,-1]"
img_pln_1222.png,720,452,"[268,139,340,249,1]"
img_pln_1223.png,720,452,"[59,22,542,325,1]"
img_pln_1224.png,720,452,"[198,281,624,9,-1]"
img_pln_1226.png,720,452,"[634,369,526,146,0]"
img_pln_1228.png,720,452,"[12,282,520,414,1]"
img_pln_123.png,720,452,"[445,173,420,283,0]"
img_pln_1230.png,720,452,"[329,238,330,64,-1]"
img_pln_1231.png,720,452,"[216,403,395,59,-1]"
img_pln_1232.png,720,452,"[224,284,693,355,1]"
img_pln_1233.png,720,452,"[43,197,330,292,1]"
img_pln_1234.png,720,452,"[568,119,263,66,0]"
img_pln_1236.png,720,452,"[290,15,76,238,0]"
img_pln_1238.png,720,452,"[73,162,11,438,1]"
img_pln_1239.png,720,452,"[28,54,164,106,0]"
img_pln_124.png,720,452,"[290,280,375,98,0]"
img_pln_1245.png,720,452,"[32,122,384,444,1]"
img_pln_1247.png,720,452,"[185,364,634,132,-1]"
img_pln_1249.png,720,452,"[23,13,616,244,1]"
img_pln_125.png,720,452,"[274,246,4,377,-1]"
img_pln_1251.png,720,452,"[569,230,260,138,-1]"
img_pln_1252.png,720,452,"[440,45,700,253,-1]"
img_pln_1253.png,720,452,"[544,363,22,392,0]"
img_pln_1255.png,720,452,"[487,173,640,394,0]"
img_pln_1256.png,720,452,"[230,449,652,331,0]"
img_pln_1257.png,720,452,"[563,347,393,155,0]"
img_pln_1260.png,720,452,"[433,6,559,322,0]"
img_pln_1263.png,720,452,"[220,374,430,282,0]"
img_pln_1264.png,720,452,"[371,420,483,92,0]"
img_pln_1265.png,720,452,"[380,206,127,34,-1]"
img_pln_1267.png,720,452,"[465,322,83,388,-1]"
img_pln_1268.png,720,452,"[0,340,152,401,0]"
img_pln_1269.png,720,452,"[566,411,60,132,-1]"
img_pln_127.png,720,452,"[309,138,422,439,0]"
img_pln_1270.png,720,452,"[319,49,301,151,-1]"
img_pln_1271.png,720,452,"[690,205,84,445,0]"
img_pln_1272.png,720,452,"[276,354,289,224,-1]"
img_pln_1274.png,720,452,"[534,449,325,449,0]"
img_pln_1276.png,720,452,"[406,262,488,4,0]"
img_pln_1277.png,720,452,"[329,312,307,408,0]"
img_pln_1279.png,720,452,"[180,123,479,429,0]"
img_pln_128.png,720,452,"[578,265,606,136,0]"
img_pln_1280.png,720,452,"[413,142,554,241,0]"
img_pln_1281.png,720,452,"[30,41,165,293,0]"
img_pln_1283.png,720,452,"[86,277,705,181,0]"
img_pln_1284.png,720,452,"[692,149,473,114,0]"
img_pln_1285.png,720,452,"[107,111,296,16,0]"
img_pln_1286.png,720,452,"[430,115,276,102,0]"
img_pln_1287.png,720,452,"[499,123,625,205,0]"
img_pln_129.png,720,452,"[307,434,212,119,-1]"
img_pln_1290.png,720,452,"[280,37,718,197,0]"
img_pln_1291.png,720,452,"[132,96,376,149,0]"
img_pln_1292.png,720,452,"[435,196,94,389,0]"
img_pln_1293.png,720,452,"[43,423,541,417,0]"
img_pln_1296.png,720,452,"[591,360,369,48,0]"
img_pln_1297.png,720,452,"[387,36,96,50,0]"
img_pln_1299.png,720,452,"[341,265,14,51,0]"
img_pln_13.png,720,452,"[544,150,417,446,1]"
img_pln_1300.png,720,452,"[264,266,503,267,0]"
img_pln_1302.png,720,452,"[52,140,650,16,0]"
img_pln_1303.png,720,452,"[718,303,599,7,0]"
img_pln_1304.png,720,452,"[441,224,563,414,0]"
img_pln_1305.png,720,452,"[212,429,101,79,0]"
img_pln_1307.png,720,452,"[296,96,615,69,0]"
img_pln_1308.png,720,452,"[552,265,326,116,0]"
img_pln_1309.png,720,452,"[642,397,594,408,0]"
img_pln_1312.png,720,452,"[458,152,185,126,0]"
img_pln_1313.png,720,452,"[626,145,116,30,0]"
img_pln_1314.png,720,452,"[522,284,704,306,0]"
img_pln_1315.png,720,452,"[292,125,247,394,0]"
img_pln_1316.png,720,452,"[137,116,359,138,0]"
img_pln_1317.png,720,452,"[56,382,546,213,0]"
img_pln_1318.png,720,452,"[234,370,96,200,0]"
img_pln_1319.png,720,452,"[370,41,144,393,0]"
img_pln_1320.png,720,452,"[282,262,32,379,0]"
img_pln_1321.png,720,452,"[487,222,389,365,0]"
img_pln_1322.png,720,452,"[143,172,375,297,0]"
img_pln_133.png,720,452,"[210,436,92,99,-1]"
img_pln_134.png,720,452,"[335,364,285,448,0]"
img_pln_135.png,720,452,"[221,297,5,214,-1]"
img_pln_136.png,720,452,"[413,317,273,58,-1]"
img_pln_137.png,720,452,"[438,237,255,365,0]"
img_pln_138.png,720,452,"[556,432,202,364,0]"
img_pln_139.png,720,452,"[205,120,409,6,1]"
img_pln_14.png,720,452,"[348,356,590,67,-1]"
img_pln_140.png,720,452,"[621,338,621,132,-1]"
img_pln_141.png,720,452,"[634,8,577,357,1]"
img_pln_142.png,720,452,"[474,240,161,374,0]"
img_pln_145.png,720,452,"[431,286,87,380,-1]"
img_pln_147.png,720,452,"[582,224,191,418,0]"
img_pln_148.png,720,452,"[26,153,486,115,1]"
img_pln_149.png,720,452,"[247,153,304,353,1]"
img_pln_15.png,720,452,"[632,277,161,21,-1]"
img_pln_150.png,720,452,"[402,325,212,262,0]"
img_pln_151.png,720,452,"[501,264,181,212,-1]"
img_pln_152.png,720,452,"[471,15,323,335,1]"
img_pln_153.png,720,452,"[587,302,352,11,0]"
img_pln_154.png,720,452,"[602,189,68,449,0]"
img_pln_155.png,720,452,"[56,417,505,434,1]"
img_pln_158.png,720,452,"[269,279,712,366,0]"
img_pln_159.png,720,452,"[126,206,667,55,0]"
img_pln_16.png,720,452,"[36,434,28,55,-1]"
img_pln_160.png,720,452,"[442,227,571,5,-1]"
img_pln_162.png,720,452,"[674,6,60,121,0]"
img_pln_163.png,720,452,"[107,29,312,228,1]"
img_pln_164.png,720,452,"[468,241,43,147,-1]"
img_pln_165.png,720,452,"[440,127,394,11,0]"
img_pln_166.png,720,452,"[1,27,562,334,1]"
img_pln_167.png,720,452,"[344,371,711,281,-1]"
img_pln_168.png,720,452,"[487,76,421,272,1]"
img_pln_17.png,720,452,"[438,437,343,82,0]"
img_pln_171.png,720,452,"[379,431,422,137,0]"
img_pln_172.png,720,452,"[642,10,671,34,0]"
img_pln_173.png,720,452,"[225,283,527,359,0]"
img_pln_176.png,720,452,"[686,221,457,263,1]"
img_pln_177.png,720,452,"[664,234,670,363,0]"
img_pln_178.png,720,452,"[523,389,542,52,-1]"
img_pln_179.png,720,452,"[173,113,380,269,1]"
img_pln_18.png,720,452,"[529,303,279,110,-1]"
img_pln_181.png,720,452,"[151,421,638,380,0]"
img_pln_182.png,720,452,"[640,150,151,210,0]"
img_pln_183.png,720,452,"[419,73,618,204,-1]"
img_pln_184.png,720,452,"[554,233,333,136,0]"
img_pln_186.png,720,452,"[707,2,151,86,0]"
img_pln_187.png,720,452,"[591,446,620,327,0]"
img_pln_188.png,720,452,"[599,176,298,88,0]"
img_pln_189.png,720,452,"[407,359,6,326,-1]"
img_pln_190.png,720,452,"[558,276,432,241,0]"
img_pln_191.png,720,452,"[41,339,449,117,1]"
img_pln_193.png,720,452,"[37,187,496,273,1]"
img_pln_194.png,720,452,"[36,80,565,25,0]"
img_pln_195.png,720,452,"[301,35,409,85,1]"
img_pln_196.png,720,452,"[485,157,638,414,0]"
img_pln_197.png,720,452,"[440,113,206,65,-1]"
img_pln_199.png,720,452,"[530,130,665,59,0]"
img_pln_2.png,720,452,"[502,166,249,174,0]"
img_pln_200.png,720,452,"[125,171,116,93,0]"
img_pln_201.png,720,452,"[174,192,304,379,1]"
img_pln_202.png,720,452,"[326,130,515,338,0]"
img_pln_203.png,720,452,"[618,58,1,67,0]"
img_pln_204.png,720,452,"[105,136,102,213,0]"
img_pln_207.png,720,452,"[225,358,601,7,-1]"
img_pln_208.png,720,452,"[352,97,613,343,-1]"
img_pln_209.png,720,452,"[709,216,62,203,0]"
img_pln_21.png,720,452,"[213,170,649,360,1]"
img_pln_210.png,720,452,"[625,135,70,100,0]"
img_pln_211.png,720,452,"[237,28,261,263,1]"
img_pln_212.png,720,452,"[694,91,458,192,1]"
img_pln_214.png,720,452,"[90,185,415,374,1]"
img_pln_217.png,720,452,"[330,438,470,99,0]"
img_pln_218.png,720,452,"[250,396,288,23,-1]"
img_pln_22.png,720,452,"[423,449,523,374,0]"
img_pln_220.png,720,452,"[164,16,345,209,1]"
img_pln_221.png,720,452,"[372,257,626,371,-1]"
img_pln_222.png,720,452,"[649,438,228,69,-1]"
img_pln_226.png,720,452,"[315,247,464,109,0]"
img_pln_227.png,720,452,"[285,290,453,437,0]"
img_pln_229.png,720,452,"[552,7,377,300,1]"
img_pln_23.png,720,452,"[592,56,42,350,1]"
img_pln_232.png,720,452,"[662,254,270,45,0]"
img_pln_233.png,720,452,"[231,313,260,169,-1]"
img_pln_235.png,720,452,"[603,411,569,312,0]"
img_pln_236.png,720,452,"[640,97,635,426,0]"
img_pln_238.png,720,452,"[293,412,548,153,-1]"
img_pln_239.png,720,452,"[9,98,233,66,0]"
img_pln_24.png,720,452,"[477,53,286,349,1]"
img_pln_240.png,720,452,"[169,53,122,331,0]"
img_pln_242.png,720,452,"[114,167,440,241,1]"
img_pln_243.png,720,452,"[375,368,418,9,-1]"
img_pln_244.png,720,452,"[595,219,466,154,1]"
img_pln_245.png,720,452,"[652,364,290,242,1]"
img_pln_246.png,720,452,"[492,16,664,284,0]"
img_pln_248.png,720,452,"[145,358,618,9,-1]"
img_pln_249.png,720,452,"[412,308,645,111,-1]"
img_pln_25.png,720,452,"[130,149,345,153,1]"
img_pln_250.png,720,452,"[108,272,279,127,0]"
img_pln_252.png,720,452,"[381,34,433,395,1]"
img_pln_253.png,720,452,"[667,248,526,129,1]"
img_pln_254.png,720,452,"[188,182,139,186,0]"
img_pln_257.png,720,452,"[487,158,533,372,0]"
img_pln_259.png,720,452,"[305,212,230,281,0]"
img_pln_26.png,720,452,"[264,165,152,369,0]"
img_pln_260.png,720,452,"[542,144,312,338,1]"
img_pln_261.png,720,452,"[104,224,52,222,0]"
img_pln_263.png,720,452,"[142,240,245,93,-1]"
img_pln_264.png,720,452,"[277,381,57,444,0]"
img_pln_265.png,720,452,"[314,272,488,115,-1]"
img_pln_266.png,720,452,"[315,28,545,428,1]"
img_pln_268.png,720,452,"[67,248,251,451,1]"
img_pln_269.png,720,452,"[145,403,2,33,-1]"
img_pln_271.png,720,452,"[50,394,240,250,0]"
img_pln_272.png,720,452,"[212,214,410,366,1]"
img_pln_273.png,720,452,"[148,221,290,391,1]"
img_pln_274.png,720,452,"[698,170,418,146,1]"
img_pln_275.png,720,452,"[118,315,264,316,1]"
img_pln_277.png,720,452,"[559,26,433,139,1]"
img_pln_28.png,720,452,"[497,276,265,422,0]"
img_pln_280.png,720,452,"[619,119,208,224,1]"
img_pln_281.png,720,452,"[199,344,354,49,-1]"
img_pln_282.png,720,452,"[192,163,361,106,0]"
img_pln_283.png,720,452,"[174,409,121,20,-1]"
img_pln_285.png,720,452,"[126,203,187,310,0]"
img_pln_286.png,720,452,"[172,0,672,420,1]"
img_pln_287.png,720,452,"[408,395,142,125,-1]"
img_pln_288.png,720,452,"[542,183,193,68,-1]"
img_pln_289.png,720,452,"[502,344,249,183,-1]"
img_pln_290.png,720,452,"[715,238,335,48,1]"
img_pln_291.png,720,452,"[365,102,586,144,-1]"
img_pln_292.png,720,452,"[24,278,690,151,0]"
img_pln_294.png,720,452,"[578,87,705,334,0]"
img_pln_296.png,720,452,"[539,99,480,268,1]"
img_pln_298.png,720,452,"[85,245,205,95,1]"
img_pln_299.png,720,452,"[535,329,54,149,-1]"
img_pln_30.png,720,452,"[563,72,712,80,0]"
img_pln_301.png,720,452,"[12,428,26,32,-1]"
img_pln_302.png,720,452,"[521,403,436,150,-1]"
img_pln_303.png,720,452,"[539,79,594,20,0]"
img_pln_306.png,720,452,"[701,60,414,127,0]"
img_pln_308.png,720,452,"[323,260,567,419,0]"
img_pln_309.png,720,452,"[87,377,163,393,0]"
img_pln_31.png,720,452,"[55,35,267,319,1]"
img_pln_310.png,720,452,"[270,57,223,240,1]"
img_pln_311.png,720,452,"[162,315,245,387,0]"
img_pln_312.png,720,452,"[161,368,72,205,-1]"
img_pln_314.png,720,452,"[443,8,589,152,0]"
img_pln_315.png,720,452,"[615,287,336,194,1]"
img_pln_316.png,720,452,"[63,160,454,157,0]"
img_pln_318.png,720,452,"[215,47,502,374,1]"
img_pln_32.png,720,452,"[74,67,158,267,1]"
img_pln_320.png,720,452,"[57,262,651,1,-1]"
img_pln_321.png,720,452,"[105,447,526,88,-1]"
img_pln_323.png,720,452,"[100,356,497,232,0]"
img_pln_324.png,720,452,"[337,242,234,378,0]"
img_pln_325.png,720,452,"[15,92,40,264,0]"
img_pln_327.png,720,452,"[285,193,392,145,-1]"
img_pln_329.png,720,452,"[494,289,182,279,0]"
img_pln_33.png,720,452,"[18,293,712,413,1]"
img_pln_330.png,720,452,"[611,229,645,295,0]"
img_pln_331.png,720,452,"[361,297,423,22,-1]"
img_pln_333.png,720,452,"[575,92,559,421,1]"
img_pln_334.png,720,452,"[12,13,409,246,1]"
img_pln_335.png,720,452,"[253,149,454,406,1]"
img_pln_338.png,720,452,"[125,69,244,295,1]"
img_pln_34.png,720,452,"[493,326,81,401,-1]"
img_pln_340.png,720,452,"[675,195,87,431,1]"
img_pln_341.png,720,452,"[458,308,205,374,0]"
img_pln_342.png,720,452,"[452,357,87,343,-1]"
img_pln_343.png,720,452,"[682,93,473,404,1]"
img_pln_344.png,720,452,"[525,246,176,168,-1]"
img_pln_346.png,720,452,"[107,142,597,211,0]"
img_pln_347.png,720,452,"[304,110,187,280,1]"
img_pln_349.png,720,452,"[92,427,8,444,0]"
img_pln_35.png,720,452,"[493,422,716,282,-1]"
img_pln_350.png,720,452,"[655,198,45,434,0]"
img_pln_351.png,720,452,"[299,144,471,315,1]"
img_pln_352.png,720,452,"[338,383,604,105,-1]"
img_pln_354.png,720,452,"[521,283,93,151,-1]"
img_pln_355.png,720,452,"[447,389,127,248,-1]"
img_pln_356.png,720,452,"[0,389,569,98,1]"
img_pln_358.png,720,452,"[485,281,44,52,-1]"
img_pln_359.png,720,452,"[229,298,522,386,1]"
img_pln_36.png,720,452,"[118,26,542,133,1]"
img_pln_362.png,720,452,"[712,41,127,214,0]"
img_pln_363.png,720,452,"[352,128,232,181,0]"
img_pln_367.png,720,452,"[323,377,21,114,-1]"
img_pln_368.png,720,452,"[173,68,56,378,1]"
img_pln_369.png,720,452,"[39,383,481,249,1]"
img_pln_37.png,720,452,"[628,424,585,163,-1]"
img_pln_370.png,720,452,"[356,167,294,3,-1]"
img_pln_372.png,720,452,"[519,390,443,385,0]"
img_pln_375.png,720,452,"[296,104,34,51,0]"
img_pln_376.png,720,452,"[371,7,42,53,0]"
img_pln_377.png,720,452,"[628,255,224,87,-1]"
img_pln_378.png,720,452,"[289,152,574,68,0]"
img_pln_379.png,720,452,"[558,205,147,152,-1]"
img_pln_38.png,720,452,"[516,102,385,169,1]"
img_pln_380.png,720,452,"[609,292,113,23,-1]"
img_pln_383.png,720,452,"[526,35,499,360,1]"
img_pln_385.png,720,452,"[523,214,241,153,-1]"
img_pln_386.png,720,452,"[654,423,588,154,0]"
img_pln_388.png,720,452,"[155,317,41,384,0]"
img_pln_39.png,720,452,"[143,74,588,37,0]"
img_pln_390.png,720,452,"[203,142,571,141,0]"
img_pln_391.png,720,452,"[248,113,29,91,0]"
img_pln_392.png,720,452,"[50,191,438,415,1]"
img_pln_393.png,720,452,"[692,394,568,204,0]"
img_pln_394.png,720,452,"[702,403,335,176,1]"
img_pln_395.png,720,452,"[202,1,270,101,0]"
img_pln_397.png,720,452,"[90,112,213,23,0]"
img_pln_399.png,720,452,"[308,61,101,53,0]"
img_pln_4.png,720,452,"[672,207,316,401,1]"
img_pln_40.png,720,452,"[434,151,553,13,-1]"
img_pln_401.png,720,452,"[207,358,135,288,-1]"
img_pln_402.png,720,452,"[172,134,432,211,1]"
img_pln_403.png,720,452,"[104,21,353,76,1]"
img_pln_404.png,720,452,"[337,42,275,214,1]"
img_pln_407.png,720,452,"[213,379,663,107,-1]"
img_pln_408.png,720,452,"[63,389,458,108,1]"
img_pln_409.png,720,452,"[8,0,684,345,1]"
img_pln_41.png,720,452,"[105,87,190,435,1]"
img_pln_410.png,720,452,"[41,311,477,147,1]"
img_pln_412.png,720,452,"[704,78,171,200,0]"
img_pln_413.png,720,452,"[380,31,140,233,0]"
img_pln_414.png,720,452,"[87,127,128,108,0]"
img_pln_417.png,720,452,"[278,63,246,428,1]"
img_pln_418.png,720,452,"[106,136,576,62,0]"
img_pln_42.png,720,452,"[653,337,389,172,1]"
img_pln_420.png,720,452,"[546,134,13,444,0]"
img_pln_421.png,720,452,"[456,392,43,137,-1]"
img_pln_422.png,720,452,"[716,104,658,256,1]"
img_pln_424.png,720,452,"[82,379,8,432,0]"
img_pln_425.png,720,452,"[207,285,469,70,-1]"
img_pln_426.png,720,452,"[583,25,79,187,0]"
img_pln_428.png,720,452,"[208,326,592,8,-1]"
img_pln_43.png,720,452,"[502,428,452,416,0]"
img_pln_432.png,720,452,"[316,195,407,15,-1]"
img_pln_433.png,720,452,"[254,390,594,53,-1]"
img_pln_437.png,720,452,"[171,182,3,325,0]"
img_pln_438.png,720,452,"[468,18,376,101,1]"
img_pln_439.png,720,452,"[58,117,289,423,1]"
img_pln_44.png,720,452,"[27,384,319,147,0]"
img_pln_440.png,720,452,"[221,274,551,322,0]"
img_pln_441.png,720,452,"[675,224,563,292,1]"
img_pln_442.png,720,452,"[517,331,472,26,-1]"
img_pln_444.png,720,452,"[266,374,58,145,-1]"
img_pln_446.png,720,452,"[518,296,223,156,0]"
img_pln_448.png,720,452,"[384,154,99,412,0]"
img_pln_449.png,720,452,"[383,25,533,3,0]"
img_pln_45.png,720,452,"[217,175,512,353,1]"
img_pln_450.png,720,452,"[80,324,269,319,1]"
img_pln_452.png,720,452,"[249,149,259,205,0]"
img_pln_453.png,720,452,"[139,184,639,384,1]"
img_pln_455.png,720,452,"[636,358,106,374,0]"
img_pln_456.png,720,452,"[639,116,21,153,0]"
img_pln_457.png,720,452,"[109,38,440,60,0]"
img_pln_458.png,720,452,"[462,41,717,237,0]"
img_pln_459.png,720,452,"[297,419,268,164,0]"
img_pln_46.png,720,452,"[381,416,476,227,0]"
img_pln_462.png,720,452,"[709,326,398,254,1]"
img_pln_464.png,720,452,"[177,135,370,192,1]"
img_pln_465.png,720,452,"[685,30,386,394,1]"
img_pln_466.png,720,452,"[701,310,441,312,1]"
img_pln_468.png,720,452,"[643,75,440,147,1]"
img_pln_47.png,720,452,"[424,408,113,206,-1]"
img_pln_471.png,720,452,"[302,80,35,379,-1]"
img_pln_472.png,720,452,"[59,328,557,341,0]"
img_pln_475.png,720,452,"[267,26,586,40,0]"
img_pln_476.png,720,452,"[151,70,351,257,1]"
img_pln_478.png,720,452,"[221,187,702,451,0]"
img_pln_479.png,720,452,"[681,417,376,65,1]"
img_pln_48.png,720,452,"[145,152,683,55,0]"
img_pln_482.png,720,452,"[479,335,583,74,-1]"
img_pln_483.png,720,452,"[618,34,338,238,0]"
img_pln_486.png,720,452,"[240,73,648,77,0]"
img_pln_487.png,720,452,"[244,256,458,357,0]"
img_pln_488.png,720,452,"[64,146,120,108,0]"
img_pln_49.png,720,452,"[5,225,719,348,0]"
img_pln_490.png,720,452,"[104,312,370,392,1]"
img_pln_491.png,720,452,"[15,393,691,114,0]"
img_pln_492.png,720,452,"[670,118,718,387,1]"
img_pln_494.png,720,452,"[217,200,500,285,1]"
img_pln_496.png,720,452,"[100,222,355,63,0]"
img_pln_497.png,720,452,"[180,249,178,115,-1]"
img_pln_499.png,720,452,"[370,444,150,307,-1]"
img_pln_5.png,720,452,"[665,177,200,136,0]"
img_pln_500.png,720,452,"[358,12,188,318,1]"
img_pln_501.png,720,452,"[15,237,453,154,1]"
img_pln_502.png,720,452,"[135,155,656,256,0]"
img_pln_504.png,720,452,"[48,112,308,343,1]"
img_pln_505.png,720,452,"[465,289,296,44,-1]"
img_pln_508.png,720,452,"[11,35,707,310,1]"
img_pln_509.png,720,452,"[708,141,341,240,1]"
img_pln_510.png,720,452,"[258,221,485,180,0]"
img_pln_511.png,720,452,"[190,447,586,132,-1]"
img_pln_515.png,720,452,"[249,292,675,375,0]"
img_pln_516.png,720,452,"[144,396,30,156,-1]"
img_pln_517.png,720,452,"[282,431,488,179,-1]"
img_pln_519.png,720,452,"[550,12,315,449,1]"
img_pln_52.png,720,452,"[261,300,119,55,-1]"
img_pln_520.png,720,452,"[342,419,98,414,-1]"
img_pln_521.png,720,452,"[9,254,206,351,1]"
img_pln_523.png,720,452,"[443,107,146,136,-1]"
img_pln_524.png,720,452,"[468,115,82,135,0]"
img_pln_525.png,720,452,"[133,102,702,158,0]"
img_pln_527.png,720,452,"[26,393,590,79,-1]"
img_pln_529.png,720,452,"[478,260,123,365,0]"
img_pln_53.png,720,452,"[702,357,350,314,1]"
img_pln_530.png,720,452,"[346,376,478,349,0]"
img_pln_533.png,720,452,"[69,8,646,36,0]"
img_pln_534.png,720,452,"[254,222,700,129,-1]"
img_pln_535.png,720,452,"[677,396,61,298,0]"
img_pln_536.png,720,452,"[679,78,198,27,0]"
img_pln_537.png,720,452,"[616,345,32,79,-1]"
img_pln_538.png,720,452,"[652,265,232,47,-1]"
img_pln_540.png,720,452,"[269,59,395,7,0]"
img_pln_541.png,720,452,"[394,335,273,123,-1]"
img_pln_542.png,720,452,"[701,189,29,331,0]"
img_pln_543.png,720,452,"[392,107,471,93,-1]"
img_pln_544.png,720,452,"[109,135,304,317,1]"
img_pln_545.png,720,452,"[708,144,148,174,-1]"
img_pln_548.png,720,452,"[607,92,352,176,1]"
img_pln_55.png,720,452,"[315,247,590,192,-1]"
img_pln_550.png,720,452,"[331,186,28,184,-1]"
img_pln_551.png,720,452,"[658,339,571,150,-1]"
img_pln_553.png,720,452,"[23,71,194,196,1]"
img_pln_554.png,720,452,"[331,249,48,386,-1]"
img_pln_555.png,720,452,"[353,208,331,66,-1]"
img_pln_556.png,720,452,"[488,30,358,403,1]"
img_pln_557.png,720,452,"[613,137,683,388,1]"
img_pln_558.png,720,452,"[543,310,631,83,-1]"
img_pln_559.png,720,452,"[507,43,468,85,0]"
img_pln_56.png,720,452,"[321,344,622,242,-1]"
img_pln_560.png,720,452,"[143,101,524,337,1]"
img_pln_561.png,720,452,"[677,391,174,179,-1]"
img_pln_562.png,720,452,"[480,42,646,123,0]"
img_pln_563.png,720,452,"[538,6,284,381,1]"
img_pln_564.png,720,452,"[97,385,679,71,-1]"
img_pln_565.png,720,452,"[640,197,374,118,1]"
img_pln_566.png,720,452,"[115,396,601,376,0]"
img_pln_567.png,720,452,"[146,120,710,223,0]"
img_pln_568.png,720,452,"[246,225,283,353,0]"
img_pln_569.png,720,452,"[673,437,611,187,-1]"
img_pln_570.png,720,452,"[383,225,441,108,-1]"
img_pln_571.png,720,452,"[666,56,471,44,0]"
img_pln_575.png,720,452,"[645,228,139,120,0]"
img_pln_576.png,720,452,"[313,330,150,9,-1]"
img_pln_577.png,720,452,"[527,73,569,395,1]"
img_pln_578.png,720,452,"[549,262,286,133,0]"
img_pln_579.png,720,452,"[204,34,396,415,1]"
img_pln_58.png,720,452,"[265,12,61,328,0]"
img_pln_580.png,720,452,"[462,70,432,367,1]"
img_pln_581.png,720,452,"[287,117,179,223,-1]"
img_pln_583.png,720,452,"[511,372,508,180,0]"
img_pln_584.png,720,452,"[5,297,464,280,1]"
img_pln_585.png,720,452,"[427,264,494,342,0]"
img_pln_586.png,720,452,"[334,38,349,60,0]"
img_pln_587.png,720,452,"[654,140,178,197,1]"
img_pln_589.png,720,452,"[32,59,595,264,1]"
img_pln_590.png,720,452,"[651,67,633,198,1]"
img_pln_593.png,720,452,"[546,448,102,28,-1]"
img_pln_594.png,720,452,"[458,414,79,22,-1]"
img_pln_595.png,720,452,"[213,248,96,189,-1]"
img_pln_597.png,720,452,"[109,54,123,105,0]"
img_pln_598.png,720,452,"[641,132,150,56,0]"
img_pln_599.png,720,452,"[433,222,280,34,-1]"
img_pln_6.png,720,452,"[397,428,680,432,0]"
img_pln_60.png,720,452,"[698,236,594,384,1]"
img_pln_601.png,720,452,"[699,76,211,289,1]"
img_pln_602.png,720,452,"[136,377,561,213,0]"
img_pln_603.png,720,452,"[18,166,218,154,1]"
img_pln_605.png,720,452,"[317,288,393,30,0]"
img_pln_608.png,720,452,"[532,219,163,54,-1]"
img_pln_609.png,720,452,"[366,47,462,59,0]"
img_pln_61.png,720,452,"[394,97,316,326,0]"
img_pln_611.png,720,452,"[334,236,294,342,0]"
img_pln_612.png,720,452,"[493,223,397,238,0]"
img_pln_614.png,720,452,"[253,97,28,449,1]"
img_pln_618.png,720,452,"[328,324,59,324,-1]"
img_pln_620.png,720,452,"[115,309,140,176,-1]"
img_pln_623.png,720,452,"[163,420,487,301,0]"
img_pln_625.png,720,452,"[181,300,410,340,0]"
img_pln_626.png,720,452,"[630,252,598,257,0]"
img_pln_627.png,720,452,"[583,243,580,95,-1]"
img_pln_628.png,720,452,"[403,0,346,115,1]"
img_pln_629.png,720,452,"[338,92,566,139,-1]"
img_pln_630.png,720,452,"[425,50,640,299,0]"
img_pln_632.png,720,452,"[691,420,276,278,0]"
img_pln_634.png,720,452,"[262,450,262,418,0]"
img_pln_635.png,720,452,"[336,175,343,389,0]"
img_pln_636.png,720,452,"[609,1,423,351,1]"
img_pln_637.png,720,452,"[534,101,670,51,-1]"
img_pln_638.png,720,452,"[709,78,225,171,1]"
img_pln_64.png,720,452,"[395,86,444,367,0]"
img_pln_640.png,720,452,"[679,412,515,188,0]"
img_pln_641.png,720,452,"[640,220,133,337,1]"
img_pln_642.png,720,452,"[472,402,484,273,0]"
img_pln_643.png,720,452,"[177,443,689,252,-1]"
img_pln_644.png,720,452,"[171,282,180,32,-1]"
img_pln_645.png,720,452,"[639,143,10,279,0]"
img_pln_646.png,720,452,"[255,1,345,41,1]"
img_pln_647.png,720,452,"[231,122,39,378,0]"
img_pln_648.png,720,452,"[231,168,371,32,1]"
img_pln_65.png,720,452,"[361,334,707,421,-1]"
img_pln_650.png,720,452,"[716,50,46,242,0]"
img_pln_652.png,720,452,"[481,277,544,93,-1]"
img_pln_653.png,720,452,"[290,170,678,208,-1]"
img_pln_655.png,720,452,"[75,36,160,187,1]"
img_pln_656.png,720,452,"[272,369,548,58,-1]"
img_pln_657.png,720,452,"[154,186,475,433,1]"
img_pln_658.png,720,452,"[645,51,582,29,0]"
img_pln_659.png,720,452,"[450,330,536,397,0]"
img_pln_66.png,720,452,"[467,260,502,79,-1]"
img_pln_660.png,720,452,"[466,200,512,437,0]"
img_pln_661.png,720,452,"[678,161,358,216,1]"
img_pln_662.png,720,452,"[482,195,450,345,0]"
img_pln_663.png,720,452,"[522,26,474,217,1]"
img_pln_664.png,720,452,"[628,39,103,244,1]"
img_pln_665.png,720,452,"[642,211,631,275,1]"
img_pln_666.png,720,452,"[93,349,357,50,1]"
img_pln_668.png,720,452,"[281,208,648,36,-1]"
img_pln_67.png,720,452,"[402,245,298,379,0]"
img_pln_671.png,720,452,"[348,305,91,194,-1]"
img_pln_672.png,720,452,"[14,429,62,403,0]"
img_pln_673.png,720,452,"[583,358,287,36,-1]"
img_pln_675.png,720,452,"[709,228,181,423,1]"
img_pln_676.png,720,452,"[105,195,46,273,0]"
img_pln_677.png,720,452,"[9,390,707,327,0]"
img_pln_678.png,720,452,"[658,444,55,227,-1]"
img_pln_679.png,720,452,"[473,261,392,152,0]"
img_pln_681.png,720,452,"[172,314,455,347,1]"
img_pln_683.png,720,452,"[22,161,282,206,1]"
img_pln_685.png,720,452,"[519,82,207,387,1]"
img_pln_686.png,720,452,"[238,368,485,41,-1]"
img_pln_687.png,720,452,"[351,140,21,187,-1]"
img_pln_688.png,720,452,"[304,253,176,56,-1]"
img_pln_689.png,720,452,"[245,373,592,239,-1]"
img_pln_69.png,720,452,"[19,174,593,449,1]"
img_pln_690.png,720,452,"[18,37,573,344,1]"
img_pln_691.png,720,452,"[42,38,668,40,0]"
img_pln_692.png,720,452,"[644,271,488,66,-1]"
img_pln_693.png,720,452,"[358,90,515,179,1]"
img_pln_694.png,720,452,"[123,114,268,227,1]"
img_pln_695.png,720,452,"[157,131,77,233,0]"
img_pln_696.png,720,452,"[404,212,27,185,-1]"
img_pln_697.png,720,452,"[631,267,122,228,0]"
img_pln_698.png,720,452,"[260,326,88,169,-1]"
img_pln_699.png,720,452,"[611,197,124,28,-1]"
img_pln_70.png,720,452,"[647,199,13,160,0]"
img_pln_701.png,720,452,"[534,296,303,278,0]"
img_pln_702.png,720,452,"[310,158,713,178,-1]"
img_pln_703.png,720,452,"[598,363,586,125,-1]"
img_pln_705.png,720,452,"[106,275,149,252,0]"
img_pln_706.png,720,452,"[400,114,99,390,1]"
img_pln_708.png,720,452,"[480,341,457,194,-1]"
img_pln_710.png,720,452,"[477,229,584,360,1]"
img_pln_711.png,720,452,"[20,399,664,62,-1]"
img_pln_712.png,720,452,"[179,168,268,230,1]"
img_pln_714.png,720,452,"[478,100,718,165,0]"
img_pln_715.png,720,452,"[148,65,104,279,1]"
img_pln_716.png,720,452,"[26,21,330,167,1]"
img_pln_717.png,720,452,"[226,348,101,77,-1]"
img_pln_718.png,720,452,"[553,352,141,258,-1]"
img_pln_719.png,720,452,"[418,331,265,287,0]"
img_pln_72.png,720,452,"[568,10,384,232,1]"
img_pln_721.png,720,452,"[304,98,239,117,0]"
img_pln_724.png,720,452,"[133,441,594,279,-1]"
img_pln_725.png,720,452,"[149,111,644,138,0]"
img_pln_726.png,720,452,"[147,364,584,64,-1]"
img_pln_727.png,720,452,"[494,224,630,100,-1]"
img_pln_729.png,720,452,"[268,212,396,282,0]"
img_pln_73.png,720,452,"[614,292,411,127,0]"
img_pln_730.png,720,452,"[407,365,312,346,0]"
img_pln_732.png,720,452,"[89,414,182,106,0]"
img_pln_735.png,720,452,"[38,341,125,403,1]"
img_pln_736.png,720,452,"[65,251,229,134,1]"
img_pln_737.png,720,452,"[549,373,631,70,-1]"
img_pln_738.png,720,452,"[315,396,354,301,0]"
img_pln_740.png,720,452,"[636,98,175,115,0]"
img_pln_743.png,720,452,"[634,188,477,235,1]"
img_pln_744.png,720,452,"[111,115,159,13,0]"
img_pln_745.png,720,452,"[266,189,380,44,-1]"
img_pln_746.png,720,452,"[644,397,192,266,1]"
img_pln_748.png,720,452,"[490,240,693,40,-1]"
img_pln_750.png,720,452,"[657,127,526,309,1]"
img_pln_751.png,720,452,"[202,247,127,210,-1]"
img_pln_752.png,720,452,"[536,184,509,167,0]"
img_pln_754.png,720,452,"[505,159,158,87,-1]"
img_pln_755.png,720,452,"[7,390,298,392,1]"
img_pln_756.png,720,452,"[357,402,715,86,-1]"
img_pln_757.png,720,452,"[280,60,692,301,-1]"
img_pln_758.png,720,452,"[587,240,220,286,1]"
img_pln_759.png,720,452,"[287,82,132,67,-1]"
img_pln_76.png,720,452,"[161,449,610,160,-1]"
img_pln_760.png,720,452,"[10,443,539,382,1]"
img_pln_761.png,720,452,"[319,33,697,134,-1]"
img_pln_763.png,720,452,"[677,410,151,303,0]"
img_pln_765.png,720,452,"[213,177,506,15,0]"
img_pln_766.png,720,452,"[668,173,692,325,0]"
img_pln_768.png,720,452,"[257,177,216,42,-1]"
img_pln_77.png,720,452,"[558,349,243,91,-1]"
img_pln_770.png,720,452,"[685,132,600,281,1]"
img_pln_773.png,720,452,"[13,160,473,273,1]"
img_pln_778.png,720,452,"[658,343,96,222,0]"
img_pln_779.png,720,452,"[575,391,559,120,-1]"
img_pln_78.png,720,452,"[550,101,271,338,1]"
img_pln_780.png,720,452,"[540,187,283,126,1]"
img_pln_781.png,720,452,"[708,451,85,369,0]"
img_pln_782.png,720,452,"[540,67,587,102,0]"
img_pln_783.png,720,452,"[603,381,370,369,1]"
img_pln_784.png,720,452,"[401,422,283,399,0]"
img_pln_785.png,720,452,"[572,229,242,220,1]"
img_pln_786.png,720,452,"[22,337,144,244,0]"
img_pln_788.png,720,452,"[297,354,462,281,0]"
img_pln_79.png,720,452,"[576,214,543,208,0]"
img_pln_791.png,720,452,"[177,265,30,73,-1]"
img_pln_792.png,720,452,"[292,213,194,63,-1]"
img_pln_793.png,720,452,"[666,12,171,439,1]"
img_pln_797.png,720,452,"[144,154,368,282,1]"
img_pln_798.png,720,452,"[378,93,202,123,-1]"
img_pln_799.png,720,452,"[649,19,587,97,0]"
img_pln_80.png,720,452,"[430,33,656,173,0]"
img_pln_800.png,720,452,"[140,70,341,120,1]"
img_pln_801.png,720,452,"[707,157,94,395,1]"
img_pln_803.png,720,452,"[612,158,144,56,0]"
img_pln_804.png,720,452,"[709,267,30,32,0]"
img_pln_806.png,720,452,"[483,417,95,22,-1]"
img_pln_808.png,720,452,"[644,203,35,86,0]"
img_pln_809.png,720,452,"[397,69,53,201,-1]"
img_pln_810.png,720,452,"[160,259,498,392,1]"
img_pln_814.png,720,452,"[374,444,37,422,0]"
img_pln_815.png,720,452,"[103,171,141,47,-1]"
img_pln_817.png,720,452,"[265,89,197,147,0]"
img_pln_818.png,720,452,"[348,11,39,374,1]"
img_pln_819.png,720,452,"[704,388,533,14,-1]"
img_pln_820.png,720,452,"[658,201,418,396,1]"
img_pln_822.png,720,452,"[286,127,541,198,1]"
img_pln_823.png,720,452,"[578,444,250,290,0]"
img_pln_824.png,720,452,"[656,192,710,157,0]"
img_pln_826.png,720,452,"[684,85,314,97,-1]"
img_pln_828.png,720,452,"[519,3,665,315,1]"
img_pln_829.png,720,452,"[264,411,213,101,-1]"
img_pln_83.png,720,452,"[525,319,203,309,0]"
img_pln_830.png,720,452,"[522,358,482,269,0]"
img_pln_831.png,720,452,"[306,446,413,401,0]"
img_pln_833.png,720,452,"[460,422,574,303,0]"
img_pln_834.png,720,452,"[572,29,170,132,0]"
img_pln_836.png,720,452,"[708,143,161,98,0]"
img_pln_839.png,720,452,"[25,90,10,179,0]"
img_pln_84.png,720,452,"[173,377,643,333,0]"
img_pln_840.png,720,452,"[719,284,604,155,1]"
img_pln_841.png,720,452,"[711,164,149,226,0]"
img_pln_843.png,720,452,"[129,108,492,55,1]"
img_pln_844.png,720,452,"[284,235,162,281,0]"
img_pln_846.png,720,452,"[391,352,535,300,0]"
img_pln_847.png,720,452,"[75,25,260,358,1]"
img_pln_848.png,720,452,"[261,64,254,168,0]"
img_pln_849.png,720,452,"[521,162,173,335,-1]"
img_pln_850.png,720,452,"[384,230,520,176,0]"
img_pln_852.png,720,452,"[384,377,466,173,0]"
img_pln_855.png,720,452,"[221,404,669,42,-1]"
img_pln_856.png,720,452,"[261,445,20,1,-1]"
img_pln_857.png,720,452,"[355,363,216,356,0]"
img_pln_858.png,720,452,"[75,23,554,237,1]"
img_pln_859.png,720,452,"[661,251,79,25,0]"
img_pln_86.png,720,452,"[510,337,419,450,0]"
img_pln_860.png,720,452,"[364,331,363,403,0]"
img_pln_862.png,720,452,"[386,373,12,186,-1]"
img_pln_863.png,720,452,"[90,58,412,423,1]"
img_pln_864.png,720,452,"[635,417,399,139,0]"
img_pln_867.png,720,452,"[668,330,172,133,1]"
img_pln_873.png,720,452,"[636,111,345,377,1]"
img_pln_874.png,720,452,"[279,329,293,53,-1]"
img_pln_875.png,720,452,"[398,227,258,25,-1]"
img_pln_876.png,720,452,"[478,93,510,33,0]"
img_pln_877.png,720,452,"[526,21,57,332,1]"
img_pln_878.png,720,452,"[297,380,441,437,0]"
img_pln_879.png,720,452,"[49,17,328,359,1]"
img_pln_88.png,720,452,"[195,151,679,318,1]"
img_pln_881.png,720,452,"[389,213,656,176,-1]"
img_pln_883.png,720,452,"[394,261,183,184,-1]"
img_pln_886.png,720,452,"[401,147,75,107,-1]"
img_pln_888.png,720,452,"[601,400,487,40,-1]"
img_pln_889.png,720,452,"[321,154,223,445,0]"
img_pln_89.png,720,452,"[651,172,704,386,0]"
img_pln_890.png,720,452,"[421,265,280,243,0]"
img_pln_891.png,720,452,"[657,340,461,408,1]"
img_pln_892.png,720,452,"[516,126,386,63,-1]"
img_pln_893.png,720,452,"[19,287,658,371,1]"
img_pln_894.png,720,452,"[118,12,276,155,1]"
img_pln_895.png,720,452,"[715,289,528,449,1]"
img_pln_896.png,720,452,"[34,397,688,429,0]"
img_pln_897.png,720,452,"[334,218,307,46,-1]"
img_pln_899.png,720,452,"[193,297,114,209,-1]"
img_pln_9.png,720,452,"[264,75,585,101,0]"
img_pln_90.png,720,452,"[695,239,410,150,1]"
img_pln_901.png,720,452,"[165,437,490,426,0]"
img_pln_902.png,720,452,"[125,165,20,254,0]"
img_pln_903.png,720,452,"[654,287,241,150,-1]"
img_pln_904.png,720,452,"[629,241,449,104,-1]"
img_pln_905.png,720,452,"[307,420,206,38,-1]"
img_pln_906.png,720,452,"[10,254,520,386,1]"
img_pln_909.png,720,452,"[475,201,479,370,0]"
img_pln_91.png,720,452,"[512,52,251,114,1]"
img_pln_910.png,720,452,"[245,335,428,115,-1]"
img_pln_911.png,720,452,"[271,415,244,384,0]"
img_pln_912.png,720,452,"[522,323,197,62,-1]"
img_pln_913.png,720,452,"[638,419,495,343,0]"
img_pln_914.png,720,452,"[265,220,124,265,-1]"
img_pln_917.png,720,452,"[562,96,246,270,1]"
img_pln_918.png,720,452,"[640,83,304,403,1]"
img_pln_919.png,720,452,"[208,236,632,179,0]"
img_pln_92.png,720,452,"[194,166,659,402,1]"
img_pln_920.png,720,452,"[290,379,314,359,0]"
img_pln_921.png,720,452,"[83,136,690,101,0]"
img_pln_922.png,720,452,"[463,163,453,433,1]"
img_pln_923.png,720,452,"[263,127,72,219,0]"
img_pln_925.png,720,452,"[276,308,718,297,0]"
img_pln_926.png,720,452,"[451,122,39,419,1]"
img_pln_927.png,720,452,"[77,433,425,54,-1]"
img_pln_929.png,720,452,"[128,69,586,341,1]"
img_pln_93.png,720,452,"[517,269,698,41,-1]"
img_pln_931.png,720,452,"[85,38,222,378,1]"
img_pln_932.png,720,452,"[85,20,208,144,0]"
img_pln_934.png,720,452,"[267,1,551,173,1]"
img_pln_935.png,720,452,"[43,449,626,236,0]"
img_pln_938.png,720,452,"[358,113,400,407,1]"
img_pln_94.png,720,452,"[693,211,128,425,1]"
img_pln_941.png,720,452,"[252,65,619,142,0]"
img_pln_943.png,720,452,"[263,18,259,120,0]"
img_pln_944.png,720,452,"[689,324,71,400,0]"
img_pln_945.png,720,452,"[26,59,226,101,0]"
img_pln_946.png,720,452,"[488,430,543,443,0]"
img_pln_947.png,720,452,"[670,144,638,100,0]"
img_pln_948.png,720,452,"[608,165,650,423,1]"
img_pln_950.png,720,452,"[26,426,680,293,0]"
img_pln_951.png,720,452,"[714,365,527,216,0]"
img_pln_952.png,720,452,"[605,60,504,225,1]"
img_pln_953.png,720,452,"[574,211,84,274,0]"
img_pln_954.png,720,452,"[340,414,303,243,0]"
img_pln_955.png,720,452,"[34,19,287,239,1]"
img_pln_956.png,720,452,"[630,308,537,6,-1]"
img_pln_959.png,720,452,"[332,93,388,96,1]"
img_pln_960.png,720,452,"[386,7,242,286,1]"
img_pln_962.png,720,452,"[341,195,203,144,-1]"
img_pln_965.png,720,452,"[372,22,142,51,-1]"
img_pln_966.png,720,452,"[712,272,169,200,0]"
img_pln_967.png,720,452,"[4,277,151,2,0]"
img_pln_969.png,720,452,"[711,438,606,28,-1]"
img_pln_97.png,720,452,"[321,353,218,13,-1]"
img_pln_970.png,720,452,"[81,87,696,122,0]"
img_pln_972.png,720,452,"[248,367,447,19,-1]"
img_pln_973.png,720,452,"[135,47,546,237,1]"
img_pln_975.png,720,452,"[259,164,326,352,0]"
img_pln_976.png,720,452,"[651,297,148,224,0]"
img_pln_977.png,720,452,"[265,250,356,156,0]"
img_pln_98.png,720,452,"[519,427,87,429,0]"
img_pln_981.png,720,452,"[540,136,8,422,0]"
img_pln_982.png,720,452,"[395,155,448,443,0]"
img_pln_983.png,720,452,"[405,126,572,407,0]"
img_pln_985.png,720,452,"[217,375,627,24,-1]"
img_pln_986.png,720,452,"[217,27,333,170,1]"
img_pln_987.png,720,452,"[533,331,545,272,0]"
img_pln_989.png,720,452,"[101,203,386,295,1]"
img_pln_99.png,720,452,"[464,51,99,52,0]"
img_pln_990.png,720,452,"[205,400,289,434,0]"
img_pln_992.png,720,452,"[378,77,439,396,1]"
img_pln_993.png,720,452,"[55,203,1,325,0]"
img_pln_995.png,720,452,"[475,451,484,260,0]"
img_pln_998.png,720,452,"[492,435,256,197,-1]"
img_pln_999.png,720,452,"[132,131,364,305,1]"
